{
    "accuracy": 0.8830128205128205,
    "precision": 0.8594104308390023,
    "recall": 0.9717948717948718,
    "f1_score": 0.9121540312876053,
    "roc_auc": 0.9514025860179707,
    "confusion_matrix": [
        [
            172,
            62
        ],
        [
            11,
            379
        ]
    ]
}