{
    "accuracy": 0.8253205128205128,
    "precision": 0.9270516717325228,
    "recall": 0.782051282051282,
    "f1_score": 0.8484005563282336,
    "roc_auc": 0.9264628533859304,
    "confusion_matrix": [
        [
            210,
            24
        ],
        [
            85,
            305
        ]
    ]
}