{
    "accuracy": 0.9038461538461539,
    "precision": 0.8985507246376812,
    "recall": 0.9538461538461539,
    "f1_score": 0.9253731343283582,
    "roc_auc": 0.9492439184746877,
    "confusion_matrix": [
        [
            192,
            42
        ],
        [
            18,
            372
        ]
    ]
}