{
    "accuracy": 0.8974358974358975,
    "precision": 0.8995098039215687,
    "recall": 0.941025641025641,
    "f1_score": 0.9197994987468672,
    "roc_auc": 0.9428774928774929,
    "confusion_matrix": [
        [
            193,
            41
        ],
        [
            23,
            367
        ]
    ]
}