{
    "accuracy": 0.8862179487179487,
    "precision": 0.9230769230769231,
    "recall": 0.8923076923076924,
    "f1_score": 0.9074315514993481,
    "roc_auc": 0.9431623931623931,
    "confusion_matrix": [
        [
            205,
            29
        ],
        [
            42,
            348
        ]
    ]
}