{
    "accuracy": 0.8942307692307693,
    "precision": 0.8802816901408451,
    "recall": 0.9615384615384616,
    "f1_score": 0.9191176470588235,
    "roc_auc": 0.952158667543283,
    "confusion_matrix": [
        [
            183,
            51
        ],
        [
            15,
            375
        ]
    ]
}