{
    "accuracy": 0.7740384615384616,
    "precision": 0.7426900584795322,
    "recall": 0.9769230769230769,
    "f1_score": 0.8438538205980066,
    "roc_auc": 0.9396449704142013,
    "confusion_matrix": [
        [
            102,
            132
        ],
        [
            9,
            381
        ]
    ]
}