{
    "accuracy": 0.8349358974358975,
    "precision": 0.8195991091314031,
    "recall": 0.9435897435897436,
    "f1_score": 0.8772348033373063,
    "roc_auc": 0.9210607056760902,
    "confusion_matrix": [
        [
            153,
            81
        ],
        [
            22,
            368
        ]
    ]
}