{
    "accuracy": 0.7259615384615384,
    "precision": 0.6972972972972973,
    "recall": 0.9923076923076923,
    "f1_score": 0.819047619047619,
    "roc_auc": 0.9443786982248521,
    "confusion_matrix": [
        [
            66,
            168
        ],
        [
            3,
            387
        ]
    ]
}