{
    "accuracy": 0.7948717948717948,
    "precision": 0.758893280632411,
    "recall": 0.9846153846153847,
    "f1_score": 0.8571428571428571,
    "roc_auc": 0.9492220030681568,
    "confusion_matrix": [
        [
            112,
            122
        ],
        [
            6,
            384
        ]
    ]
}