{
    "accuracy": 0.7564102564102564,
    "precision": 0.7228464419475655,
    "recall": 0.9897435897435898,
    "f1_score": 0.8354978354978355,
    "roc_auc": 0.9501862809555117,
    "confusion_matrix": [
        [
            86,
            148
        ],
        [
            4,
            386
        ]
    ]
}