{
    "accuracy": 0.7628205128205128,
    "precision": 0.7291666666666666,
    "recall": 0.9871794871794872,
    "f1_score": 0.8387799564270153,
    "roc_auc": 0.9495123822046899,
    "confusion_matrix": [
        [
            91,
            143
        ],
        [
            5,
            385
        ]
    ]
}