{
    "accuracy": 0.7580128205128205,
    "precision": 0.724202626641651,
    "recall": 0.9897435897435898,
    "f1_score": 0.8364030335861322,
    "roc_auc": 0.9536269997808459,
    "confusion_matrix": [
        [
            87,
            147
        ],
        [
            4,
            386
        ]
    ]
}