{
    "accuracy": 0.7884615384615384,
    "precision": 0.7559523809523809,
    "recall": 0.9769230769230769,
    "f1_score": 0.8523489932885906,
    "roc_auc": 0.9499945211483672,
    "confusion_matrix": [
        [
            111,
            123
        ],
        [
            9,
            381
        ]
    ]
}