{
    "accuracy": 0.7788461538461539,
    "precision": 0.745136186770428,
    "recall": 0.982051282051282,
    "f1_score": 0.8473451327433629,
    "roc_auc": 0.9479070786763094,
    "confusion_matrix": [
        [
            103,
            131
        ],
        [
            7,
            383
        ]
    ]
}