{
    "accuracy": 0.7580128205128205,
    "precision": 0.7233644859813084,
    "recall": 0.9923076923076923,
    "f1_score": 0.8367567567567568,
    "roc_auc": 0.9525531448608372,
    "confusion_matrix": [
        [
            86,
            148
        ],
        [
            3,
            387
        ]
    ]
}