{
    "accuracy": 0.780448717948718,
    "precision": 0.74373795761079,
    "recall": 0.9897435897435898,
    "f1_score": 0.8492849284928493,
    "roc_auc": 0.952427131273285,
    "confusion_matrix": [
        [
            101,
            133
        ],
        [
            4,
            386
        ]
    ]
}