{
    "accuracy": 0.7596153846153846,
    "precision": 0.7247191011235955,
    "recall": 0.9923076923076923,
    "f1_score": 0.8376623376623377,
    "roc_auc": 0.9515450361604209,
    "confusion_matrix": [
        [
            87,
            147
        ],
        [
            3,
            387
        ]
    ]
}