{
    "accuracy": 0.7660256410256411,
    "precision": 0.7293233082706767,
    "recall": 0.9948717948717949,
    "f1_score": 0.841648590021692,
    "roc_auc": 0.9531777339469648,
    "confusion_matrix": [
        [
            90,
            144
        ],
        [
            2,
            388
        ]
    ]
}