{
    "accuracy": 0.7756410256410257,
    "precision": 0.7403846153846154,
    "recall": 0.9871794871794872,
    "f1_score": 0.8461538461538461,
    "roc_auc": 0.9492658338812185,
    "confusion_matrix": [
        [
            99,
            135
        ],
        [
            5,
            385
        ]
    ]
}