{
    "accuracy": 0.7852564102564102,
    "precision": 0.75,
    "recall": 0.9846153846153847,
    "f1_score": 0.8514412416851441,
    "roc_auc": 0.9503561253561252,
    "confusion_matrix": [
        [
            106,
            128
        ],
        [
            6,
            384
        ]
    ]
}