{
    "accuracy": 0.8269230769230769,
    "precision": 0.8710526315789474,
    "recall": 0.8487179487179487,
    "f1_score": 0.8597402597402597,
    "roc_auc": 0.9016217400832784,
    "confusion_matrix": [
        [
            185,
            49
        ],
        [
            59,
            331
        ]
    ]
}