{
    "accuracy": 0.42788461538461536,
    "precision": 0.9459459459459459,
    "recall": 0.08974358974358974,
    "f1_score": 0.16393442622950818,
    "roc_auc": 0.7725838264299802,
    "confusion_matrix": [
        [
            232,
            2
        ],
        [
            355,
            35
        ]
    ]
}