{
    "accuracy": 0.7756410256410257,
    "precision": 0.7431906614785992,
    "recall": 0.9794871794871794,
    "f1_score": 0.8451327433628318,
    "roc_auc": 0.9469428007889547,
    "confusion_matrix": [
        [
            102,
            132
        ],
        [
            8,
            382
        ]
    ]
}