{
    "accuracy": 0.7948717948717948,
    "precision": 0.766260162601626,
    "recall": 0.9666666666666667,
    "f1_score": 0.854875283446712,
    "roc_auc": 0.933158010081087,
    "confusion_matrix": [
        [
            119,
            115
        ],
        [
            13,
            377
        ]
    ]
}