{
    "accuracy": 0.8189102564102564,
    "precision": 0.8693333333333333,
    "recall": 0.8358974358974359,
    "f1_score": 0.8522875816993464,
    "roc_auc": 0.9030024106947183,
    "confusion_matrix": [
        [
            185,
            49
        ],
        [
            64,
            326
        ]
    ]
}