{
    "accuracy": 0.3894230769230769,
    "precision": 0.9090909090909091,
    "recall": 0.02564102564102564,
    "f1_score": 0.04987531172069826,
    "roc_auc": 0.7322594784133246,
    "confusion_matrix": [
        [
            233,
            1
        ],
        [
            380,
            10
        ]
    ]
}