{
    "accuracy": 0.5576923076923077,
    "precision": 0.9318181818181818,
    "recall": 0.3153846153846154,
    "f1_score": 0.47126436781609193,
    "roc_auc": 0.8158557966250274,
    "confusion_matrix": [
        [
            225,
            9
        ],
        [
            267,
            123
        ]
    ]
}