{
    "accuracy": 0.780448717948718,
    "precision": 0.7446808510638298,
    "recall": 0.9871794871794872,
    "f1_score": 0.8489525909592062,
    "roc_auc": 0.9526627218934911,
    "confusion_matrix": [
        [
            102,
            132
        ],
        [
            5,
            385
        ]
    ]
}