{
    "accuracy": 0.8125,
    "precision": 0.7861635220125787,
    "recall": 0.9615384615384616,
    "f1_score": 0.8650519031141869,
    "roc_auc": 0.9269888231426693,
    "confusion_matrix": [
        [
            132,
            102
        ],
        [
            15,
            375
        ]
    ]
}