{
    "accuracy": 0.6826923076923077,
    "precision": 0.8870967741935484,
    "recall": 0.5641025641025641,
    "f1_score": 0.6896551724137931,
    "roc_auc": 0.8478961209730441,
    "confusion_matrix": [
        [
            206,
            28
        ],
        [
            170,
            220
        ]
    ]
}