{
    "accuracy": 0.7660256410256411,
    "precision": 0.7319391634980988,
    "recall": 0.9871794871794872,
    "f1_score": 0.8406113537117904,
    "roc_auc": 0.9517313171159325,
    "confusion_matrix": [
        [
            93,
            141
        ],
        [
            5,
            385
        ]
    ]
}