{
    "accuracy": 0.7948717948717948,
    "precision": 0.7651821862348178,
    "recall": 0.9692307692307692,
    "f1_score": 0.8552036199095022,
    "roc_auc": 0.9344838921761999,
    "confusion_matrix": [
        [
            118,
            116
        ],
        [
            12,
            378
        ]
    ]
}