{
    "accuracy": 0.8108974358974359,
    "precision": 0.7753036437246964,
    "recall": 0.982051282051282,
    "f1_score": 0.8665158371040724,
    "roc_auc": 0.9517094017094017,
    "confusion_matrix": [
        [
            123,
            111
        ],
        [
            7,
            383
        ]
    ]
}