{
    "accuracy": 0.7612179487179487,
    "precision": 0.7269303201506592,
    "recall": 0.9897435897435898,
    "f1_score": 0.8382193268186754,
    "roc_auc": 0.9450471181240412,
    "confusion_matrix": [
        [
            89,
            145
        ],
        [
            4,
            386
        ]
    ]
}