{
    "accuracy": 0.7596153846153846,
    "precision": 0.7255639097744361,
    "recall": 0.9897435897435898,
    "f1_score": 0.8373101952277657,
    "roc_auc": 0.9524764409379793,
    "confusion_matrix": [
        [
            88,
            146
        ],
        [
            4,
            386
        ]
    ]
}