{
    "accuracy": 0.782051282051282,
    "precision": 0.8779761904761905,
    "recall": 0.7564102564102564,
    "f1_score": 0.8126721763085399,
    "roc_auc": 0.8835744028051722,
    "confusion_matrix": [
        [
            193,
            41
        ],
        [
            95,
            295
        ]
    ]
}