{
    "accuracy": 0.7772435897435898,
    "precision": 0.7418111753371869,
    "recall": 0.9871794871794872,
    "f1_score": 0.847084708470847,
    "roc_auc": 0.9503999561691868,
    "confusion_matrix": [
        [
            100,
            134
        ],
        [
            5,
            385
        ]
    ]
}