{
    "accuracy": 0.7884615384615384,
    "precision": 0.7539370078740157,
    "recall": 0.982051282051282,
    "f1_score": 0.8530066815144766,
    "roc_auc": 0.9347030462415077,
    "confusion_matrix": [
        [
            109,
            125
        ],
        [
            7,
            383
        ]
    ]
}