{
    "accuracy": 0.8846153846153846,
    "precision": 0.8471615720524017,
    "recall": 0.9948717948717949,
    "f1_score": 0.9150943396226415,
    "roc_auc": 0.9556432171816787,
    "confusion_matrix": [
        [
            164,
            70
        ],
        [
            2,
            388
        ]
    ]
}