{
    "accuracy": 0.7932692307692307,
    "precision": 0.7657841140529531,
    "recall": 0.9641025641025641,
    "f1_score": 0.8535754824063564,
    "roc_auc": 0.9068047337278106,
    "confusion_matrix": [
        [
            119,
            115
        ],
        [
            14,
            376
        ]
    ]
}