{
    "accuracy": 0.8942307692307693,
    "precision": 0.86,
    "recall": 0.9923076923076923,
    "f1_score": 0.9214285714285714,
    "roc_auc": 0.9729563883410037,
    "confusion_matrix": [
        [
            171,
            63
        ],
        [
            3,
            387
        ]
    ]
}