{
    "accuracy": 0.8028846153846154,
    "precision": 0.7686116700201208,
    "recall": 0.9794871794871794,
    "f1_score": 0.8613303269447576,
    "roc_auc": 0.9273833004602237,
    "confusion_matrix": [
        [
            119,
            115
        ],
        [
            8,
            382
        ]
    ]
}