{
    "accuracy": 0.8301282051282052,
    "precision": 0.789795918367347,
    "recall": 0.9923076923076923,
    "f1_score": 0.8795454545454545,
    "roc_auc": 0.9298926145079991,
    "confusion_matrix": [
        [
            131,
            103
        ],
        [
            3,
            387
        ]
    ]
}