{
    "accuracy": 0.9006410256410257,
    "precision": 0.8813953488372093,
    "recall": 0.9717948717948718,
    "f1_score": 0.9243902439024391,
    "roc_auc": 0.9587990357221127,
    "confusion_matrix": [
        [
            183,
            51
        ],
        [
            11,
            379
        ]
    ]
}