{
    "accuracy": 0.8044871794871795,
    "precision": 0.7627450980392156,
    "recall": 0.9974358974358974,
    "f1_score": 0.8644444444444445,
    "roc_auc": 0.9435678281832128,
    "confusion_matrix": [
        [
            113,
            121
        ],
        [
            1,
            389
        ]
    ]
}