{
    "accuracy": 0.6875,
    "precision": 0.6666666666666666,
    "recall": 1.0,
    "f1_score": 0.8,
    "roc_auc": 0.7596537365768136,
    "confusion_matrix": [
        [
            39,
            195
        ],
        [
            0,
            390
        ]
    ]
}