{
    "accuracy": 0.8461538461538461,
    "precision": 0.9375,
    "recall": 0.8076923076923077,
    "f1_score": 0.8677685950413223,
    "roc_auc": 0.9226879246110015,
    "confusion_matrix": [
        [
            213,
            21
        ],
        [
            75,
            315
        ]
    ]
}