{
    "accuracy": 0.8349358974358975,
    "precision": 0.8086021505376344,
    "recall": 0.9641025641025641,
    "f1_score": 0.87953216374269,
    "roc_auc": 0.9552323033092265,
    "confusion_matrix": [
        [
            145,
            89
        ],
        [
            14,
            376
        ]
    ]
}