{
    "accuracy": 0.8076923076923077,
    "precision": 0.7800829875518672,
    "recall": 0.9641025641025641,
    "f1_score": 0.8623853211009175,
    "roc_auc": 0.9443293885601578,
    "confusion_matrix": [
        [
            128,
            106
        ],
        [
            14,
            376
        ]
    ]
}