{
    "accuracy": 0.6282051282051282,
    "precision": 0.6270096463022508,
    "recall": 1.0,
    "f1_score": 0.7707509881422925,
    "roc_auc": 0.9591113302651765,
    "confusion_matrix": [
        [
            2,
            232
        ],
        [
            0,
            390
        ]
    ]
}