{
    "accuracy": 0.8910256410256411,
    "precision": 0.9045226130653267,
    "recall": 0.9230769230769231,
    "f1_score": 0.9137055837563451,
    "roc_auc": 0.9440883190883191,
    "confusion_matrix": [
        [
            196,
            38
        ],
        [
            30,
            360
        ]
    ]
}