{
    "accuracy": 0.8141025641025641,
    "precision": 0.9691780821917808,
    "recall": 0.7256410256410256,
    "f1_score": 0.8299120234604106,
    "roc_auc": 0.9307363576594345,
    "confusion_matrix": [
        [
            225,
            9
        ],
        [
            107,
            283
        ]
    ]
}