{
    "accuracy": 0.7852564102564102,
    "precision": 0.7570281124497992,
    "recall": 0.9666666666666667,
    "f1_score": 0.8490990990990991,
    "roc_auc": 0.9170611439842209,
    "confusion_matrix": [
        [
            113,
            121
        ],
        [
            13,
            377
        ]
    ]
}