{
    "accuracy": 0.8862179487179487,
    "precision": 0.882494004796163,
    "recall": 0.9435897435897436,
    "f1_score": 0.9120198265179678,
    "roc_auc": 0.9572923515231206,
    "confusion_matrix": [
        [
            185,
            49
        ],
        [
            22,
            368
        ]
    ]
}