{
    "accuracy": 0.8910256410256411,
    "precision": 0.8761682242990654,
    "recall": 0.9615384615384616,
    "f1_score": 0.9168704156479217,
    "roc_auc": 0.955528161297392,
    "confusion_matrix": [
        [
            181,
            53
        ],
        [
            15,
            375
        ]
    ]
}