{
    "accuracy": 0.8317307692307693,
    "precision": 0.8104575163398693,
    "recall": 0.9538461538461539,
    "f1_score": 0.8763250883392226,
    "roc_auc": 0.9395025202717511,
    "confusion_matrix": [
        [
            147,
            87
        ],
        [
            18,
            372
        ]
    ]
}