{
    "accuracy": 0.7884615384615384,
    "precision": 0.7549407114624506,
    "recall": 0.9794871794871794,
    "f1_score": 0.8526785714285714,
    "roc_auc": 0.9365548980933596,
    "confusion_matrix": [
        [
            110,
            124
        ],
        [
            8,
            382
        ]
    ]
}