{
    "accuracy": 0.7996794871794872,
    "precision": 0.7613412228796844,
    "recall": 0.9897435897435898,
    "f1_score": 0.8606465997770345,
    "roc_auc": 0.9584922200306816,
    "confusion_matrix": [
        [
            113,
            121
        ],
        [
            4,
            386
        ]
    ]
}