{
    "accuracy": 0.8157051282051282,
    "precision": 0.780040733197556,
    "recall": 0.982051282051282,
    "f1_score": 0.8694665153234961,
    "roc_auc": 0.9150668419899189,
    "confusion_matrix": [
        [
            126,
            108
        ],
        [
            7,
            383
        ]
    ]
}