{
    "accuracy": 0.8525641025641025,
    "precision": 0.8130252100840336,
    "recall": 0.9923076923076923,
    "f1_score": 0.8937644341801386,
    "roc_auc": 0.9555007670392286,
    "confusion_matrix": [
        [
            145,
            89
        ],
        [
            3,
            387
        ]
    ]
}