{
    "accuracy": 0.8669871794871795,
    "precision": 0.8301075268817204,
    "recall": 0.9897435897435898,
    "f1_score": 0.9029239766081871,
    "roc_auc": 0.9584155161078238,
    "confusion_matrix": [
        [
            155,
            79
        ],
        [
            4,
            386
        ]
    ]
}