{
    "accuracy": 0.8589743589743589,
    "precision": 0.8240343347639485,
    "recall": 0.9846153846153847,
    "f1_score": 0.897196261682243,
    "roc_auc": 0.9587552049090511,
    "confusion_matrix": [
        [
            152,
            82
        ],
        [
            6,
            384
        ]
    ]
}