{
    "accuracy": 0.7580128205128205,
    "precision": 0.7217068645640075,
    "recall": 0.9974358974358974,
    "f1_score": 0.83745963401507,
    "roc_auc": 0.9129629629629629,
    "confusion_matrix": [
        [
            84,
            150
        ],
        [
            1,
            389
        ]
    ]
}