{
    "accuracy": 0.7628205128205128,
    "precision": 0.7300380228136882,
    "recall": 0.9846153846153847,
    "f1_score": 0.8384279475982532,
    "roc_auc": 0.8696800350646504,
    "confusion_matrix": [
        [
            92,
            142
        ],
        [
            6,
            384
        ]
    ]
}