{
    "accuracy": 0.9022435897435898,
    "precision": 0.9041769041769042,
    "recall": 0.9435897435897436,
    "f1_score": 0.9234629861982434,
    "roc_auc": 0.9472824895901818,
    "confusion_matrix": [
        [
            195,
            39
        ],
        [
            22,
            368
        ]
    ]
}