{
    "accuracy": 0.7740384615384616,
    "precision": 0.959409594095941,
    "recall": 0.6666666666666666,
    "f1_score": 0.7866868381240545,
    "roc_auc": 0.9234166118781504,
    "confusion_matrix": [
        [
            223,
            11
        ],
        [
            130,
            260
        ]
    ]
}