{
    "accuracy": 0.44711538461538464,
    "precision": 0.9787234042553191,
    "recall": 0.11794871794871795,
    "f1_score": 0.21052631578947367,
    "roc_auc": 0.8023997370151217,
    "confusion_matrix": [
        [
            233,
            1
        ],
        [
            344,
            46
        ]
    ]
}