{
    "accuracy": 0.8974358974358975,
    "precision": 0.888095238095238,
    "recall": 0.9564102564102565,
    "f1_score": 0.9209876543209876,
    "roc_auc": 0.9498685075608153,
    "confusion_matrix": [
        [
            187,
            47
        ],
        [
            17,
            373
        ]
    ]
}