{
    "accuracy": 0.905448717948718,
    "precision": 0.9168765743073047,
    "recall": 0.9333333333333333,
    "f1_score": 0.9250317662007624,
    "roc_auc": 0.940138067061144,
    "confusion_matrix": [
        [
            201,
            33
        ],
        [
            26,
            364
        ]
    ]
}