{
    "accuracy": 0.5176282051282052,
    "precision": 0.989010989010989,
    "recall": 0.23076923076923078,
    "f1_score": 0.37422037422037424,
    "roc_auc": 0.89459785229016,
    "confusion_matrix": [
        [
            233,
            1
        ],
        [
            300,
            90
        ]
    ]
}