{
    "accuracy": 0.9006410256410257,
    "precision": 0.8886255924170616,
    "recall": 0.9615384615384616,
    "f1_score": 0.9236453201970444,
    "roc_auc": 0.9500109577032655,
    "confusion_matrix": [
        [
            187,
            47
        ],
        [
            15,
            375
        ]
    ]
}