{
    "accuracy": 0.7131410256410257,
    "precision": 0.9606986899563319,
    "recall": 0.5641025641025641,
    "f1_score": 0.7108239095315024,
    "roc_auc": 0.9128753013368398,
    "confusion_matrix": [
        [
            225,
            9
        ],
        [
            170,
            220
        ]
    ]
}