{
    "accuracy": 0.9006410256410257,
    "precision": 0.91,
    "recall": 0.9333333333333333,
    "f1_score": 0.9215189873417722,
    "roc_auc": 0.9382095112864344,
    "confusion_matrix": [
        [
            198,
            36
        ],
        [
            26,
            364
        ]
    ]
}