{
    "accuracy": 0.8942307692307693,
    "precision": 0.907035175879397,
    "recall": 0.9256410256410257,
    "f1_score": 0.916243654822335,
    "roc_auc": 0.9400613631382861,
    "confusion_matrix": [
        [
            197,
            37
        ],
        [
            29,
            361
        ]
    ]
}