{
    "accuracy": 0.4775641025641026,
    "precision": 0.9705882352941176,
    "recall": 0.16923076923076924,
    "f1_score": 0.28820960698689957,
    "roc_auc": 0.848838483453868,
    "confusion_matrix": [
        [
            232,
            2
        ],
        [
            324,
            66
        ]
    ]
}