{
    "accuracy": 0.7067307692307693,
    "precision": 0.9559471365638766,
    "recall": 0.5564102564102564,
    "f1_score": 0.7034035656401945,
    "roc_auc": 0.9067718606180145,
    "confusion_matrix": [
        [
            224,
            10
        ],
        [
            173,
            217
        ]
    ]
}