{
    "accuracy": 0.8798076923076923,
    "precision": 0.8620689655172413,
    "recall": 0.9615384615384616,
    "f1_score": 0.9090909090909091,
    "roc_auc": 0.942077580539119,
    "confusion_matrix": [
        [
            174,
            60
        ],
        [
            15,
            375
        ]
    ]
}