{
    "accuracy": 0.8926282051282052,
    "precision": 0.9088607594936708,
    "recall": 0.9205128205128205,
    "f1_score": 0.9146496815286624,
    "roc_auc": 0.9372561911023449,
    "confusion_matrix": [
        [
            198,
            36
        ],
        [
            31,
            359
        ]
    ]
}