{
    "accuracy": 0.8878205128205128,
    "precision": 0.9060913705583756,
    "recall": 0.9153846153846154,
    "f1_score": 0.9107142857142857,
    "roc_auc": 0.9367850098619329,
    "confusion_matrix": [
        [
            197,
            37
        ],
        [
            33,
            357
        ]
    ]
}