{
    "accuracy": 0.8349358974358975,
    "precision": 0.9388379204892966,
    "recall": 0.7871794871794872,
    "f1_score": 0.8563458856345886,
    "roc_auc": 0.9289940828402367,
    "confusion_matrix": [
        [
            214,
            20
        ],
        [
            83,
            307
        ]
    ]
}