{
    "accuracy": 0.9006410256410257,
    "precision": 0.8961352657004831,
    "recall": 0.9512820512820512,
    "f1_score": 0.9228855721393034,
    "roc_auc": 0.9473044049967126,
    "confusion_matrix": [
        [
            191,
            43
        ],
        [
            19,
            371
        ]
    ]
}