{
    "accuracy": 0.8990384615384616,
    "precision": 0.9017199017199017,
    "recall": 0.941025641025641,
    "f1_score": 0.9209535759096612,
    "roc_auc": 0.9424830155599387,
    "confusion_matrix": [
        [
            194,
            40
        ],
        [
            23,
            367
        ]
    ]
}