{
    "accuracy": 0.8830128205128205,
    "precision": 0.8694638694638694,
    "recall": 0.9564102564102565,
    "f1_score": 0.9108669108669109,
    "roc_auc": 0.9470414201183432,
    "confusion_matrix": [
        [
            178,
            56
        ],
        [
            17,
            373
        ]
    ]
}