{
    "accuracy": 0.7355769230769231,
    "precision": 0.9518072289156626,
    "recall": 0.6076923076923076,
    "f1_score": 0.7417840375586855,
    "roc_auc": 0.9120534735919351,
    "confusion_matrix": [
        [
            222,
            12
        ],
        [
            153,
            237
        ]
    ]
}