{
    "accuracy": 0.9102564102564102,
    "precision": 0.9175,
    "recall": 0.941025641025641,
    "f1_score": 0.9291139240506329,
    "roc_auc": 0.946175761560377,
    "confusion_matrix": [
        [
            201,
            33
        ],
        [
            23,
            367
        ]
    ]
}