{
    "accuracy": 0.38621794871794873,
    "precision": 0.8888888888888888,
    "recall": 0.020512820512820513,
    "f1_score": 0.040100250626566414,
    "roc_auc": 0.7179761122068815,
    "confusion_matrix": [
        [
            233,
            1
        ],
        [
            382,
            8
        ]
    ]
}