{
    "accuracy": 0.8814102564102564,
    "precision": 0.8640552995391705,
    "recall": 0.9615384615384616,
    "f1_score": 0.9101941747572816,
    "roc_auc": 0.9474797282489589,
    "confusion_matrix": [
        [
            175,
            59
        ],
        [
            15,
            375
        ]
    ]
}