{
    "accuracy": 0.4423076923076923,
    "precision": 0.9565217391304348,
    "recall": 0.11282051282051282,
    "f1_score": 0.2018348623853211,
    "roc_auc": 0.7819197896120974,
    "confusion_matrix": [
        [
            232,
            2
        ],
        [
            346,
            44
        ]
    ]
}