{
    "accuracy": 0.8894230769230769,
    "precision": 0.9063291139240506,
    "recall": 0.9179487179487179,
    "f1_score": 0.9121019108280255,
    "roc_auc": 0.9364672364672365,
    "confusion_matrix": [
        [
            197,
            37
        ],
        [
            32,
            358
        ]
    ]
}