{
    "accuracy": 0.9006410256410257,
    "precision": 0.9039408866995073,
    "recall": 0.941025641025641,
    "f1_score": 0.9221105527638191,
    "roc_auc": 0.9391628314705238,
    "confusion_matrix": [
        [
            195,
            39
        ],
        [
            23,
            367
        ]
    ]
}