{
    "accuracy": 0.8798076923076923,
    "precision": 0.8587699316628702,
    "recall": 0.9666666666666667,
    "f1_score": 0.9095295536791315,
    "roc_auc": 0.9499178172255095,
    "confusion_matrix": [
        [
            172,
            62
        ],
        [
            13,
            377
        ]
    ]
}