{
    "accuracy": 0.8573717948717948,
    "precision": 0.943952802359882,
    "recall": 0.8205128205128205,
    "f1_score": 0.877914951989026,
    "roc_auc": 0.9364562787639711,
    "confusion_matrix": [
        [
            215,
            19
        ],
        [
            70,
            320
        ]
    ]
}