{
    "accuracy": 0.8846153846153846,
    "precision": 0.8697674418604651,
    "recall": 0.958974358974359,
    "f1_score": 0.9121951219512195,
    "roc_auc": 0.9480276134122287,
    "confusion_matrix": [
        [
            178,
            56
        ],
        [
            16,
            374
        ]
    ]
}