{
    "accuracy": 0.7836538461538461,
    "precision": 0.7437858508604207,
    "recall": 0.9974358974358974,
    "f1_score": 0.8521358159912377,
    "roc_auc": 0.9642450142450142,
    "confusion_matrix": [
        [
            100,
            134
        ],
        [
            1,
            389
        ]
    ]
}