{
    "accuracy": 0.8830128205128205,
    "precision": 0.8747044917257684,
    "recall": 0.9487179487179487,
    "f1_score": 0.9102091020910209,
    "roc_auc": 0.9407955292570677,
    "confusion_matrix": [
        [
            181,
            53
        ],
        [
            20,
            370
        ]
    ]
}