{
    "accuracy": 0.8733974358974359,
    "precision": 0.9355742296918768,
    "recall": 0.8564102564102564,
    "f1_score": 0.8942436412315931,
    "roc_auc": 0.9404777558623713,
    "confusion_matrix": [
        [
            211,
            23
        ],
        [
            56,
            334
        ]
    ]
}