{
    "accuracy": 0.907051282051282,
    "precision": 0.9170854271356784,
    "recall": 0.9358974358974359,
    "f1_score": 0.9263959390862944,
    "roc_auc": 0.9442691211921981,
    "confusion_matrix": [
        [
            201,
            33
        ],
        [
            25,
            365
        ]
    ]
}