{
    "accuracy": 0.44871794871794873,
    "precision": 0.96,
    "recall": 0.12307692307692308,
    "f1_score": 0.21818181818181817,
    "roc_auc": 0.8044926583388122,
    "confusion_matrix": [
        [
            232,
            2
        ],
        [
            342,
            48
        ]
    ]
}