{
    "accuracy": 0.8910256410256411,
    "precision": 0.865909090909091,
    "recall": 0.9769230769230769,
    "f1_score": 0.9180722891566265,
    "roc_auc": 0.9585689239535393,
    "confusion_matrix": [
        [
            175,
            59
        ],
        [
            9,
            381
        ]
    ]
}