{
    "accuracy": 0.8958333333333334,
    "precision": 0.877030162412993,
    "recall": 0.9692307692307692,
    "f1_score": 0.9208282582216809,
    "roc_auc": 0.9540105193951348,
    "confusion_matrix": [
        [
            181,
            53
        ],
        [
            12,
            378
        ]
    ]
}