{
    "accuracy": 0.6762820512820513,
    "precision": 0.9747474747474747,
    "recall": 0.4948717948717949,
    "f1_score": 0.6564625850340136,
    "roc_auc": 0.9215099715099715,
    "confusion_matrix": [
        [
            229,
            5
        ],
        [
            197,
            193
        ]
    ]
}