{
    "accuracy": 0.5432692307692307,
    "precision": 0.981651376146789,
    "recall": 0.2743589743589744,
    "f1_score": 0.4288577154308617,
    "roc_auc": 0.8955621301775148,
    "confusion_matrix": [
        [
            232,
            2
        ],
        [
            283,
            107
        ]
    ]
}