{
    "accuracy": 0.4439102564102564,
    "precision": 0.9574468085106383,
    "recall": 0.11538461538461539,
    "f1_score": 0.20594965675057209,
    "roc_auc": 0.8180692526846373,
    "confusion_matrix": [
        [
            232,
            2
        ],
        [
            345,
            45
        ]
    ]
}