,Model,Sampling Method,Active Learning Round,Accuracy,Precision,Recall,F1-Score,ROC-AUC
0,vgg16,baseline,0,0.8365384615384616,0.8130434782608695,0.958974358974359,0.88,0.9558788078018847
