{
    "accuracy": 0.8830128205128205,
    "precision": 0.8514412416851441,
    "recall": 0.9846153846153847,
    "f1_score": 0.9131985731272295,
    "roc_auc": 0.9587661626123164,
    "confusion_matrix": [
        [
            167,
            67
        ],
        [
            6,
            384
        ]
    ]
}