{
    "accuracy": 0.8846153846153846,
    "precision": 0.8549107142857143,
    "recall": 0.982051282051282,
    "f1_score": 0.9140811455847255,
    "roc_auc": 0.9634451019066403,
    "confusion_matrix": [
        [
            169,
            65
        ],
        [
            7,
            383
        ]
    ]
}