{
    "accuracy": 0.9038461538461539,
    "precision": 0.8855140186915887,
    "recall": 0.9717948717948718,
    "f1_score": 0.9266503667481663,
    "roc_auc": 0.9619548542625466,
    "confusion_matrix": [
        [
            185,
            49
        ],
        [
            11,
            379
        ]
    ]
}