{
    "accuracy": 0.9086538461538461,
    "precision": 0.8936170212765957,
    "recall": 0.9692307692307692,
    "f1_score": 0.9298892988929889,
    "roc_auc": 0.9625027394258163,
    "confusion_matrix": [
        [
            189,
            45
        ],
        [
            12,
            378
        ]
    ]
}