{
    "accuracy": 0.8910256410256411,
    "precision": 0.8642533936651584,
    "recall": 0.9794871794871794,
    "f1_score": 0.9182692307692307,
    "roc_auc": 0.9581415735261889,
    "confusion_matrix": [
        [
            174,
            60
        ],
        [
            8,
            382
        ]
    ]
}