{
    "accuracy": 0.8862179487179487,
    "precision": 0.8568232662192393,
    "recall": 0.982051282051282,
    "f1_score": 0.9151732377538829,
    "roc_auc": 0.9637300021915407,
    "confusion_matrix": [
        [
            170,
            64
        ],
        [
            7,
            383
        ]
    ]
}