{
    "accuracy": 0.9022435897435898,
    "precision": 0.9061728395061729,
    "recall": 0.941025641025641,
    "f1_score": 0.9232704402515723,
    "roc_auc": 0.9506026736795968,
    "confusion_matrix": [
        [
            196,
            38
        ],
        [
            23,
            367
        ]
    ]
}