{
    "accuracy": 0.8974358974358975,
    "precision": 0.8738532110091743,
    "recall": 0.9769230769230769,
    "f1_score": 0.9225181598062954,
    "roc_auc": 0.9611768573307035,
    "confusion_matrix": [
        [
            179,
            55
        ],
        [
            9,
            381
        ]
    ]
}