{
    "accuracy": 0.8942307692307693,
    "precision": 0.9175257731958762,
    "recall": 0.9128205128205128,
    "f1_score": 0.9151670951156813,
    "roc_auc": 0.9444554021477098,
    "confusion_matrix": [
        [
            202,
            32
        ],
        [
            34,
            356
        ]
    ]
}