{
    "accuracy": 0.4583333333333333,
    "precision": 0.9642857142857143,
    "recall": 0.13846153846153847,
    "f1_score": 0.242152466367713,
    "roc_auc": 0.8325882095112864,
    "confusion_matrix": [
        [
            232,
            2
        ],
        [
            336,
            54
        ]
    ]
}