{
    "accuracy": 0.4551282051282051,
    "precision": 0.9629629629629629,
    "recall": 0.13333333333333333,
    "f1_score": 0.23423423423423423,
    "roc_auc": 0.8389655928117467,
    "confusion_matrix": [
        [
            232,
            2
        ],
        [
            338,
            52
        ]
    ]
}