{
    "accuracy": 0.8958333333333334,
    "precision": 0.8823529411764706,
    "recall": 0.9615384615384616,
    "f1_score": 0.9202453987730062,
    "roc_auc": 0.9553364014902477,
    "confusion_matrix": [
        [
            184,
            50
        ],
        [
            15,
            375
        ]
    ]
}