{
    "accuracy": 0.8733974358974359,
    "precision": 0.8387799564270153,
    "recall": 0.9871794871794872,
    "f1_score": 0.9069493521790342,
    "roc_auc": 0.9635546789392944,
    "confusion_matrix": [
        [
            160,
            74
        ],
        [
            5,
            385
        ]
    ]
}