{
    "accuracy": 0.7692307692307693,
    "precision": 0.731203007518797,
    "recall": 0.9974358974358974,
    "f1_score": 0.8438177874186551,
    "roc_auc": 0.9692691211921982,
    "confusion_matrix": [
        [
            91,
            143
        ],
        [
            1,
            389
        ]
    ]
}