{
    "accuracy": 0.7868589743589743,
    "precision": 0.7495145631067961,
    "recall": 0.9897435897435898,
    "f1_score": 0.8530386740331491,
    "roc_auc": 0.9524216524216524,
    "confusion_matrix": [
        [
            105,
            129
        ],
        [
            4,
            386
        ]
    ]
}