{
    "accuracy": 0.7772435897435898,
    "precision": 0.7436893203883496,
    "recall": 0.982051282051282,
    "f1_score": 0.8464088397790055,
    "roc_auc": 0.9446307253999561,
    "confusion_matrix": [
        [
            102,
            132
        ],
        [
            7,
            383
        ]
    ]
}