{
    "accuracy": 0.38782051282051283,
    "precision": 0.9,
    "recall": 0.023076923076923078,
    "f1_score": 0.045,
    "roc_auc": 0.7513477975016436,
    "confusion_matrix": [
        [
            233,
            1
        ],
        [
            381,
            9
        ]
    ]
}