{
    "accuracy": 0.391025641025641,
    "precision": 0.8125,
    "recall": 0.03333333333333333,
    "f1_score": 0.06403940886699508,
    "roc_auc": 0.6487946526408065,
    "confusion_matrix": [
        [
            231,
            3
        ],
        [
            377,
            13
        ]
    ]
}