{
    "accuracy": 0.8942307692307693,
    "precision": 0.9090909090909091,
    "recall": 0.9230769230769231,
    "f1_score": 0.916030534351145,
    "roc_auc": 0.9414858645627877,
    "confusion_matrix": [
        [
            198,
            36
        ],
        [
            30,
            360
        ]
    ]
}