{
    "accuracy": 0.8766025641025641,
    "precision": 0.9287671232876712,
    "recall": 0.8692307692307693,
    "f1_score": 0.8980132450331125,
    "roc_auc": 0.9405215866754328,
    "confusion_matrix": [
        [
            208,
            26
        ],
        [
            51,
            339
        ]
    ]
}