{
    "accuracy": 0.4375,
    "precision": 0.9148936170212766,
    "recall": 0.11025641025641025,
    "f1_score": 0.19679633867276888,
    "roc_auc": 0.8092592592592593,
    "confusion_matrix": [
        [
            230,
            4
        ],
        [
            347,
            43
        ]
    ]
}