{
    "accuracy": 0.7371794871794872,
    "precision": 0.9312977099236641,
    "recall": 0.6256410256410256,
    "f1_score": 0.7484662576687117,
    "roc_auc": 0.8986741179048872,
    "confusion_matrix": [
        [
            216,
            18
        ],
        [
            146,
            244
        ]
    ]
}