{
    "accuracy": 0.8862179487179487,
    "precision": 0.8788598574821853,
    "recall": 0.9487179487179487,
    "f1_score": 0.9124537607891492,
    "roc_auc": 0.945233399079553,
    "confusion_matrix": [
        [
            183,
            51
        ],
        [
            20,
            370
        ]
    ]
}