{
    "accuracy": 0.8798076923076923,
    "precision": 0.8571428571428571,
    "recall": 0.9692307692307692,
    "f1_score": 0.9097472924187726,
    "roc_auc": 0.9469975893052817,
    "confusion_matrix": [
        [
            171,
            63
        ],
        [
            12,
            378
        ]
    ]
}