{
    "accuracy": 0.4407051282051282,
    "precision": 0.9361702127659575,
    "recall": 0.11282051282051282,
    "f1_score": 0.20137299771167047,
    "roc_auc": 0.7934856454087225,
    "confusion_matrix": [
        [
            231,
            3
        ],
        [
            346,
            44
        ]
    ]
}