{
    "accuracy": 0.8878205128205128,
    "precision": 0.8883495145631068,
    "recall": 0.9384615384615385,
    "f1_score": 0.912718204488778,
    "roc_auc": 0.9425378040762656,
    "confusion_matrix": [
        [
            188,
            46
        ],
        [
            24,
            366
        ]
    ]
}