{
    "accuracy": 0.8798076923076923,
    "precision": 0.8795180722891566,
    "recall": 0.9358974358974359,
    "f1_score": 0.906832298136646,
    "roc_auc": 0.9408941485864563,
    "confusion_matrix": [
        [
            184,
            50
        ],
        [
            25,
            365
        ]
    ]
}