{
    "accuracy": 0.8621794871794872,
    "precision": 0.9418604651162791,
    "recall": 0.8307692307692308,
    "f1_score": 0.8828337874659401,
    "roc_auc": 0.935152312075389,
    "confusion_matrix": [
        [
            214,
            20
        ],
        [
            66,
            324
        ]
    ]
}