{
    "accuracy": 0.8798076923076923,
    "precision": 0.8688524590163934,
    "recall": 0.9512820512820512,
    "f1_score": 0.9082007343941249,
    "roc_auc": 0.9435020819636204,
    "confusion_matrix": [
        [
            178,
            56
        ],
        [
            19,
            371
        ]
    ]
}