{
    "accuracy": 0.8798076923076923,
    "precision": 0.8758949880668258,
    "recall": 0.941025641025641,
    "f1_score": 0.907292954264524,
    "roc_auc": 0.9436883629191322,
    "confusion_matrix": [
        [
            182,
            52
        ],
        [
            23,
            367
        ]
    ]
}