{
    "accuracy": 0.8926282051282052,
    "precision": 0.9130434782608695,
    "recall": 0.9153846153846154,
    "f1_score": 0.9142125480153649,
    "roc_auc": 0.9411133026517643,
    "confusion_matrix": [
        [
            200,
            34
        ],
        [
            33,
            357
        ]
    ]
}