{
    "accuracy": 0.8958333333333334,
    "precision": 0.8953771289537713,
    "recall": 0.9435897435897436,
    "f1_score": 0.9188514357053683,
    "roc_auc": 0.9463072539995616,
    "confusion_matrix": [
        [
            191,
            43
        ],
        [
            22,
            368
        ]
    ]
}