{
    "accuracy": 0.8076923076923077,
    "precision": 0.9530201342281879,
    "recall": 0.7282051282051282,
    "f1_score": 0.8255813953488372,
    "roc_auc": 0.9307692307692308,
    "confusion_matrix": [
        [
            220,
            14
        ],
        [
            106,
            284
        ]
    ]
}