{
    "accuracy": 0.8958333333333334,
    "precision": 0.9012345679012346,
    "recall": 0.9358974358974359,
    "f1_score": 0.9182389937106918,
    "roc_auc": 0.9411352180582951,
    "confusion_matrix": [
        [
            194,
            40
        ],
        [
            25,
            365
        ]
    ]
}