{
    "accuracy": 0.8814102564102564,
    "precision": 0.8674418604651163,
    "recall": 0.9564102564102565,
    "f1_score": 0.9097560975609756,
    "roc_auc": 0.9441376287530132,
    "confusion_matrix": [
        [
            177,
            57
        ],
        [
            17,
            373
        ]
    ]
}