{
    "accuracy": 0.9022435897435898,
    "precision": 0.9081885856079405,
    "recall": 0.9384615384615385,
    "f1_score": 0.9230769230769231,
    "roc_auc": 0.944817006355468,
    "confusion_matrix": [
        [
            197,
            37
        ],
        [
            24,
            366
        ]
    ]
}