{
    "accuracy": 0.5961538461538461,
    "precision": 0.9726027397260274,
    "recall": 0.3641025641025641,
    "f1_score": 0.5298507462686567,
    "roc_auc": 0.881470523778216,
    "confusion_matrix": [
        [
            230,
            4
        ],
        [
            248,
            142
        ]
    ]
}