{
    "accuracy": 0.7900641025641025,
    "precision": 0.9302325581395349,
    "recall": 0.717948717948718,
    "f1_score": 0.8104196816208393,
    "roc_auc": 0.9149572649572649,
    "confusion_matrix": [
        [
            213,
            21
        ],
        [
            110,
            280
        ]
    ]
}