{
    "accuracy": 0.46474358974358976,
    "precision": 0.9516129032258065,
    "recall": 0.15128205128205127,
    "f1_score": 0.2610619469026549,
    "roc_auc": 0.8314814814814815,
    "confusion_matrix": [
        [
            231,
            3
        ],
        [
            331,
            59
        ]
    ]
}