{
    "accuracy": 0.8958333333333334,
    "precision": 0.9177377892030848,
    "recall": 0.9153846153846154,
    "f1_score": 0.9165596919127086,
    "roc_auc": 0.9430747315362701,
    "confusion_matrix": [
        [
            202,
            32
        ],
        [
            33,
            357
        ]
    ]
}