{
    "accuracy": 0.8846153846153846,
    "precision": 0.8785714285714286,
    "recall": 0.9461538461538461,
    "f1_score": 0.9111111111111111,
    "roc_auc": 0.9439732632040325,
    "confusion_matrix": [
        [
            183,
            51
        ],
        [
            21,
            369
        ]
    ]
}