{
    "accuracy": 0.4967948717948718,
    "precision": 0.975,
    "recall": 0.2,
    "f1_score": 0.33191489361702126,
    "roc_auc": 0.867061143984221,
    "confusion_matrix": [
        [
            232,
            2
        ],
        [
            312,
            78
        ]
    ]
}