{
    "accuracy": 0.875,
    "precision": 0.8679245283018868,
    "recall": 0.9435897435897436,
    "f1_score": 0.9041769041769042,
    "roc_auc": 0.9430199430199431,
    "confusion_matrix": [
        [
            178,
            56
        ],
        [
            22,
            368
        ]
    ]
}