{
    "accuracy": 0.6891025641025641,
    "precision": 0.9336283185840708,
    "recall": 0.541025641025641,
    "f1_score": 0.685064935064935,
    "roc_auc": 0.8904667981591059,
    "confusion_matrix": [
        [
            219,
            15
        ],
        [
            179,
            211
        ]
    ]
}