{
    "accuracy": 0.8894230769230769,
    "precision": 0.8905109489051095,
    "recall": 0.9384615384615385,
    "f1_score": 0.9138576779026217,
    "roc_auc": 0.9446416831032216,
    "confusion_matrix": [
        [
            189,
            45
        ],
        [
            24,
            366
        ]
    ]
}