{
    "accuracy": 0.8798076923076923,
    "precision": 0.9069767441860465,
    "recall": 0.9,
    "f1_score": 0.9034749034749034,
    "roc_auc": 0.9372561911023449,
    "confusion_matrix": [
        [
            198,
            36
        ],
        [
            39,
            351
        ]
    ]
}