{
    "accuracy": 0.7772435897435898,
    "precision": 0.747534516765286,
    "recall": 0.9717948717948718,
    "f1_score": 0.8450390189520625,
    "roc_auc": 0.9525257506026737,
    "confusion_matrix": [
        [
            106,
            128
        ],
        [
            11,
            379
        ]
    ]
}