{
    "accuracy": 0.8573717948717948,
    "precision": 0.8366890380313199,
    "recall": 0.958974358974359,
    "f1_score": 0.8936678614097969,
    "roc_auc": 0.9475728687267149,
    "confusion_matrix": [
        [
            161,
            73
        ],
        [
            16,
            374
        ]
    ]
}