{
    "accuracy": 0.8044871794871795,
    "precision": 0.768,
    "recall": 0.9846153846153847,
    "f1_score": 0.8629213483146068,
    "roc_auc": 0.9498849441157132,
    "confusion_matrix": [
        [
            118,
            116
        ],
        [
            6,
            384
        ]
    ]
}