{
    "accuracy": 0.7628205128205128,
    "precision": 0.7265917602996255,
    "recall": 0.9948717948717949,
    "f1_score": 0.8398268398268398,
    "roc_auc": 0.9283256629410477,
    "confusion_matrix": [
        [
            88,
            146
        ],
        [
            2,
            388
        ]
    ]
}