{
    "accuracy": 0.8301282051282052,
    "precision": 0.8034188034188035,
    "recall": 0.9641025641025641,
    "f1_score": 0.8764568764568764,
    "roc_auc": 0.9438417707648475,
    "confusion_matrix": [
        [
            142,
            92
        ],
        [
            14,
            376
        ]
    ]
}