{
    "accuracy": 0.7387820512820513,
    "precision": 0.7113594040968343,
    "recall": 0.9794871794871794,
    "f1_score": 0.8241639697950378,
    "roc_auc": 0.9168639053254437,
    "confusion_matrix": [
        [
            79,
            155
        ],
        [
            8,
            382
        ]
    ]
}