{
    "accuracy": 0.8926282051282052,
    "precision": 0.8891566265060241,
    "recall": 0.9461538461538461,
    "f1_score": 0.9167701863354037,
    "roc_auc": 0.945540214770984,
    "confusion_matrix": [
        [
            188,
            46
        ],
        [
            21,
            369
        ]
    ]
}