{
    "accuracy": 0.7884615384615384,
    "precision": 0.9417808219178082,
    "recall": 0.7051282051282052,
    "f1_score": 0.8064516129032258,
    "roc_auc": 0.9195814157352619,
    "confusion_matrix": [
        [
            217,
            17
        ],
        [
            115,
            275
        ]
    ]
}