{
    "accuracy": 0.6522435897435898,
    "precision": 0.9481865284974094,
    "recall": 0.46923076923076923,
    "f1_score": 0.62778730703259,
    "roc_auc": 0.8941047556432172,
    "confusion_matrix": [
        [
            224,
            10
        ],
        [
            207,
            183
        ]
    ]
}