{
    "accuracy": 0.8894230769230769,
    "precision": 0.9168831168831169,
    "recall": 0.9051282051282051,
    "f1_score": 0.9109677419354839,
    "roc_auc": 0.9414639491562569,
    "confusion_matrix": [
        [
            202,
            32
        ],
        [
            37,
            353
        ]
    ]
}