{
    "accuracy": 0.8846153846153846,
    "precision": 0.8714953271028038,
    "recall": 0.9564102564102565,
    "f1_score": 0.9119804400977995,
    "roc_auc": 0.9468660968660968,
    "confusion_matrix": [
        [
            179,
            55
        ],
        [
            17,
            373
        ]
    ]
}