{
    "accuracy": 0.842948717948718,
    "precision": 0.8004115226337448,
    "recall": 0.9974358974358974,
    "f1_score": 0.8881278538812786,
    "roc_auc": 0.9373986412447951,
    "confusion_matrix": [
        [
            137,
            97
        ],
        [
            1,
            389
        ]
    ]
}