{
    "accuracy": 0.8365384615384616,
    "precision": 0.7975206611570248,
    "recall": 0.9897435897435898,
    "f1_score": 0.8832951945080092,
    "roc_auc": 0.9259149682226605,
    "confusion_matrix": [
        [
            136,
            98
        ],
        [
            4,
            386
        ]
    ]
}