{
    "accuracy": 0.7532051282051282,
    "precision": 0.7177121771217713,
    "recall": 0.9974358974358974,
    "f1_score": 0.8347639484978541,
    "roc_auc": 0.8650558842866535,
    "confusion_matrix": [
        [
            81,
            153
        ],
        [
            1,
            389
        ]
    ]
}