{
    "accuracy": 0.8910256410256411,
    "precision": 0.9192708333333334,
    "recall": 0.9051282051282051,
    "f1_score": 0.9121447028423773,
    "roc_auc": 0.9426254657023888,
    "confusion_matrix": [
        [
            203,
            31
        ],
        [
            37,
            353
        ]
    ]
}