{
    "accuracy": 0.8044871794871795,
    "precision": 0.7745901639344263,
    "recall": 0.9692307692307692,
    "f1_score": 0.8610478359908884,
    "roc_auc": 0.9087442472057856,
    "confusion_matrix": [
        [
            124,
            110
        ],
        [
            12,
            378
        ]
    ]
}