{
    "accuracy": 0.719551282051282,
    "precision": 0.6923076923076923,
    "recall": 0.9923076923076923,
    "f1_score": 0.815595363540569,
    "roc_auc": 0.9371520929213236,
    "confusion_matrix": [
        [
            62,
            172
        ],
        [
            3,
            387
        ]
    ]
}