{
    "accuracy": 0.7580128205128205,
    "precision": 0.7225325884543762,
    "recall": 0.9948717948717949,
    "f1_score": 0.837108953613808,
    "roc_auc": 0.9416995397764628,
    "confusion_matrix": [
        [
            85,
            149
        ],
        [
            2,
            388
        ]
    ]
}