{
    "accuracy": 0.7708333333333334,
    "precision": 0.7343453510436433,
    "recall": 0.9923076923076923,
    "f1_score": 0.8440567066521265,
    "roc_auc": 0.9365165461319307,
    "confusion_matrix": [
        [
            94,
            140
        ],
        [
            3,
            387
        ]
    ]
}