{
    "accuracy": 0.75,
    "precision": 0.7174721189591078,
    "recall": 0.9897435897435898,
    "f1_score": 0.8318965517241379,
    "roc_auc": 0.9297939951786105,
    "confusion_matrix": [
        [
            82,
            152
        ],
        [
            4,
            386
        ]
    ]
}