{
    "accuracy": 0.8237179487179487,
    "precision": 0.7916666666666666,
    "recall": 0.9743589743589743,
    "f1_score": 0.8735632183908046,
    "roc_auc": 0.9319581415735263,
    "confusion_matrix": [
        [
            134,
            100
        ],
        [
            10,
            380
        ]
    ]
}