{
    "accuracy": 0.8060897435897436,
    "precision": 0.7706237424547284,
    "recall": 0.982051282051282,
    "f1_score": 0.8635851183765502,
    "roc_auc": 0.9392230988384835,
    "confusion_matrix": [
        [
            120,
            114
        ],
        [
            7,
            383
        ]
    ]
}