{
    "accuracy": 0.8237179487179487,
    "precision": 0.8139013452914798,
    "recall": 0.9307692307692308,
    "f1_score": 0.868421052631579,
    "roc_auc": 0.9003506465044927,
    "confusion_matrix": [
        [
            151,
            83
        ],
        [
            27,
            363
        ]
    ]
}