{
    "accuracy": 0.7676282051282052,
    "precision": 0.7324478178368121,
    "recall": 0.9897435897435898,
    "f1_score": 0.8418756815703381,
    "roc_auc": 0.9162886259040106,
    "confusion_matrix": [
        [
            93,
            141
        ],
        [
            4,
            386
        ]
    ]
}