{
    "accuracy": 0.7644230769230769,
    "precision": 0.7271028037383177,
    "recall": 0.9974358974358974,
    "f1_score": 0.841081081081081,
    "roc_auc": 0.9260190664036818,
    "confusion_matrix": [
        [
            88,
            146
        ],
        [
            1,
            389
        ]
    ]
}