{
    "accuracy": 0.8285256410256411,
    "precision": 0.8017057569296375,
    "recall": 0.9641025641025641,
    "f1_score": 0.8754365541327125,
    "roc_auc": 0.9077251808021038,
    "confusion_matrix": [
        [
            141,
            93
        ],
        [
            14,
            376
        ]
    ]
}