{
    "accuracy": 0.7708333333333334,
    "precision": 0.7325800376647834,
    "recall": 0.9974358974358974,
    "f1_score": 0.8447339847991314,
    "roc_auc": 0.940483234714004,
    "confusion_matrix": [
        [
            92,
            142
        ],
        [
            1,
            389
        ]
    ]
}