{
    "accuracy": 0.8221153846153846,
    "precision": 0.7806841046277666,
    "recall": 0.9948717948717949,
    "f1_score": 0.874859075535513,
    "roc_auc": 0.9590948937102783,
    "confusion_matrix": [
        [
            125,
            109
        ],
        [
            2,
            388
        ]
    ]
}