{
    "accuracy": 0.7339743589743589,
    "precision": 0.7014388489208633,
    "recall": 1.0,
    "f1_score": 0.8245243128964059,
    "roc_auc": 0.9105741836511068,
    "confusion_matrix": [
        [
            68,
            166
        ],
        [
            0,
            390
        ]
    ]
}