{
    "accuracy": 0.8461538461538461,
    "precision": 0.8049792531120332,
    "recall": 0.9948717948717949,
    "f1_score": 0.8899082568807339,
    "roc_auc": 0.9604865220249835,
    "confusion_matrix": [
        [
            140,
            94
        ],
        [
            2,
            388
        ]
    ]
}