{
    "accuracy": 0.8173076923076923,
    "precision": 0.7771084337349398,
    "recall": 0.9923076923076923,
    "f1_score": 0.8716216216216216,
    "roc_auc": 0.9442252903791366,
    "confusion_matrix": [
        [
            123,
            111
        ],
        [
            3,
            387
        ]
    ]
}