{
    "accuracy": 0.8125,
    "precision": 0.7702970297029703,
    "recall": 0.9974358974358974,
    "f1_score": 0.8692737430167597,
    "roc_auc": 0.9394148586456279,
    "confusion_matrix": [
        [
            118,
            116
        ],
        [
            1,
            389
        ]
    ]
}