{
    "accuracy": 0.8301282051282052,
    "precision": 0.7886178861788617,
    "recall": 0.9948717948717949,
    "f1_score": 0.8798185941043084,
    "roc_auc": 0.9367083059390751,
    "confusion_matrix": [
        [
            130,
            104
        ],
        [
            2,
            388
        ]
    ]
}