{
    "accuracy": 0.8365384615384616,
    "precision": 0.8130434782608695,
    "recall": 0.958974358974359,
    "f1_score": 0.88,
    "roc_auc": 0.9558788078018847,
    "confusion_matrix": [
        [
            148,
            86
        ],
        [
            16,
            374
        ]
    ]
}