,Model,Sampling Method,Active Learning Round,Accuracy,Precision,Recall,F1-Score,ROC-AUC
0,vgg16,baseline,0,0.842948717948718,0.8004115226337448,0.9974358974358974,0.8881278538812786,0.9373986412447951
