{
    "accuracy": 0.9038461538461539,
    "precision": 0.9104477611940298,
    "recall": 0.9384615384615385,
    "f1_score": 0.9242424242424242,
    "roc_auc": 0.9502081963620426,
    "confusion_matrix": [
        [
            198,
            36
        ],
        [
            24,
            366
        ]
    ]
}