{
    "accuracy": 0.8862179487179487,
    "precision": 0.8536585365853658,
    "recall": 0.9871794871794872,
    "f1_score": 0.915576694411415,
    "roc_auc": 0.9639162831470524,
    "confusion_matrix": [
        [
            168,
            66
        ],
        [
            5,
            385
        ]
    ]
}