{
    "accuracy": 0.8878205128205128,
    "precision": 0.8587443946188341,
    "recall": 0.982051282051282,
    "f1_score": 0.916267942583732,
    "roc_auc": 0.9639929870699102,
    "confusion_matrix": [
        [
            171,
            63
        ],
        [
            7,
            383
        ]
    ]
}