{
    "accuracy": 0.8733974358974359,
    "precision": 0.9455587392550143,
    "recall": 0.8461538461538461,
    "f1_score": 0.8930987821380244,
    "roc_auc": 0.9362480824019285,
    "confusion_matrix": [
        [
            215,
            19
        ],
        [
            60,
            330
        ]
    ]
}