{
    "accuracy": 0.5512820512820513,
    "precision": 0.9741379310344828,
    "recall": 0.28974358974358977,
    "f1_score": 0.44664031620553357,
    "roc_auc": 0.8900723208415516,
    "confusion_matrix": [
        [
            231,
            3
        ],
        [
            277,
            113
        ]
    ]
}