{
    "accuracy": 0.8942307692307693,
    "precision": 0.8932038834951457,
    "recall": 0.9435897435897436,
    "f1_score": 0.9177057356608479,
    "roc_auc": 0.9486960333114179,
    "confusion_matrix": [
        [
            190,
            44
        ],
        [
            22,
            368
        ]
    ]
}