{
    "accuracy": 0.8862179487179487,
    "precision": 0.8520971302428256,
    "recall": 0.9897435897435898,
    "f1_score": 0.9157769869513642,
    "roc_auc": 0.9635327635327635,
    "confusion_matrix": [
        [
            167,
            67
        ],
        [
            4,
            386
        ]
    ]
}