{
    "accuracy": 0.8990384615384616,
    "precision": 0.8793503480278422,
    "recall": 0.9717948717948718,
    "f1_score": 0.9232643118148599,
    "roc_auc": 0.9596318211702827,
    "confusion_matrix": [
        [
            182,
            52
        ],
        [
            11,
            379
        ]
    ]
}