{
    "accuracy": 0.7115384615384616,
    "precision": 0.96875,
    "recall": 0.5564102564102564,
    "f1_score": 0.7068403908794788,
    "roc_auc": 0.9188362919132149,
    "confusion_matrix": [
        [
            227,
            7
        ],
        [
            173,
            217
        ]
    ]
}