{
    "accuracy": 0.48717948717948717,
    "precision": 0.9861111111111112,
    "recall": 0.18205128205128204,
    "f1_score": 0.30735930735930733,
    "roc_auc": 0.8636204251588867,
    "confusion_matrix": [
        [
            233,
            1
        ],
        [
            319,
            71
        ]
    ]
}