{
    "accuracy": 0.9022435897435898,
    "precision": 0.8870588235294118,
    "recall": 0.9666666666666667,
    "f1_score": 0.9251533742331288,
    "roc_auc": 0.9567718606180144,
    "confusion_matrix": [
        [
            186,
            48
        ],
        [
            13,
            377
        ]
    ]
}