{
    "accuracy": 0.4230769230769231,
    "precision": 0.96875,
    "recall": 0.07948717948717948,
    "f1_score": 0.14691943127962084,
    "roc_auc": 0.8087442472057856,
    "confusion_matrix": [
        [
            233,
            1
        ],
        [
            359,
            31
        ]
    ]
}