{
    "accuracy": 0.8798076923076923,
    "precision": 0.926829268292683,
    "recall": 0.8769230769230769,
    "f1_score": 0.9011857707509882,
    "roc_auc": 0.9417707648476878,
    "confusion_matrix": [
        [
            207,
            27
        ],
        [
            48,
            342
        ]
    ]
}