{
    "accuracy": 0.9006410256410257,
    "precision": 0.8980582524271845,
    "recall": 0.9487179487179487,
    "f1_score": 0.9226932668329177,
    "roc_auc": 0.9511176857330704,
    "confusion_matrix": [
        [
            192,
            42
        ],
        [
            20,
            370
        ]
    ]
}