{
    "accuracy": 0.8349358974358975,
    "precision": 0.9470404984423676,
    "recall": 0.7794871794871795,
    "f1_score": 0.8551336146272855,
    "roc_auc": 0.9271531886916502,
    "confusion_matrix": [
        [
            217,
            17
        ],
        [
            86,
            304
        ]
    ]
}