{
    "accuracy": 0.3958333333333333,
    "precision": 0.9333333333333333,
    "recall": 0.035897435897435895,
    "f1_score": 0.0691358024691358,
    "roc_auc": 0.7838154722770108,
    "confusion_matrix": [
        [
            233,
            1
        ],
        [
            376,
            14
        ]
    ]
}