{
    "accuracy": 0.6266025641025641,
    "precision": 0.953757225433526,
    "recall": 0.4230769230769231,
    "f1_score": 0.5861456483126111,
    "roc_auc": 0.8987398641244795,
    "confusion_matrix": [
        [
            226,
            8
        ],
        [
            225,
            165
        ]
    ]
}