{
    "accuracy": 0.4599358974358974,
    "precision": 0.9818181818181818,
    "recall": 0.13846153846153847,
    "f1_score": 0.24269662921348314,
    "roc_auc": 0.865899627438089,
    "confusion_matrix": [
        [
            233,
            1
        ],
        [
            336,
            54
        ]
    ]
}