{
    "accuracy": 0.5993589743589743,
    "precision": 0.9487179487179487,
    "recall": 0.37948717948717947,
    "f1_score": 0.5421245421245421,
    "roc_auc": 0.8954415954415954,
    "confusion_matrix": [
        [
            226,
            8
        ],
        [
            242,
            148
        ]
    ]
}