{
    "accuracy": 0.8926282051282052,
    "precision": 0.8948655256723717,
    "recall": 0.9384615384615385,
    "f1_score": 0.9161451814768461,
    "roc_auc": 0.9419132149901381,
    "confusion_matrix": [
        [
            191,
            43
        ],
        [
            24,
            366
        ]
    ]
}