{
    "accuracy": 0.5448717948717948,
    "precision": 0.9818181818181818,
    "recall": 0.27692307692307694,
    "f1_score": 0.432,
    "roc_auc": 0.8896230550076704,
    "confusion_matrix": [
        [
            232,
            2
        ],
        [
            282,
            108
        ]
    ]
}