{
    "accuracy": 0.421474358974359,
    "precision": 0.967741935483871,
    "recall": 0.07692307692307693,
    "f1_score": 0.14251781472684086,
    "roc_auc": 0.8238110891957046,
    "confusion_matrix": [
        [
            233,
            1
        ],
        [
            360,
            30
        ]
    ]
}