{
    "accuracy": 0.625,
    "precision": 0.625,
    "recall": 1.0,
    "f1_score": 0.7692307692307693,
    "roc_auc": 0.949474030243261,
    "confusion_matrix": [
        [
            0,
            234
        ],
        [
            0,
            390
        ]
    ]
}